Index,JB_stat,JB_pvalue
IBEX 35,17427.37102472616,0.0
S&P 500,29755.721079029398,0.0
