Index,DM_stat,p_value
IBEX 35,-0.59991,0.656
S&P 500,0.713543,0.60545
