Model,LjungBox_p,JarqueBera_p
IBEX 35,0.009520844464954041,0.0
S&P 500,0.0020446199086701826,0.0
